condition,return_mean,return_std,final_distance_mean,success_rate_dist_lt_0.07
clean,-81.57453884253015,6.304452577474028,0.037628237023152974,0.8833333333333333
obs_noise_0.02,-76.80281582591572,6.4018138493036485,0.04404521664861387,0.8333333333333334
obs_noise_0.05,-74.88466916117906,6.335700919971455,0.06097022408235562,0.6833333333333333
actuator_noise_0.10,-76.23776910769047,5.726886092010271,0.03888584787023632,0.85
latency_2_steps,-88.7019156190015,6.093404519189012,0.07180822697485231,0.5333333333333333
dynamics_mismatch,-81.36654778976711,6.368745317422288,0.03722306577529104,0.8833333333333333
